Customer_ID,Customer_Name,Gender,Age,City,Annual_Income,Purchase_Date,Purchase_Amount
1001,Rahul,Male,24,Hyderabad,450000,2026-01-05,12500
1002,Priya,Female,27,Secunderabad,520000,05/01/2026,14200
1003,Arjun,M,22,Hyderabad,380000,2026/01/12,9800
1004,Sneha,female,29,Warangal,610000,15-01-2026,17600
1005,Kiran,Male,31,HYDERABAD,720000,2026-02-03,22500
1006,Ananya,Female,25, Hyderabad ,480000,07/02/2026,13400
1007,Vikram,male,34,Secunderabad,850000,2026-02-14,28900
1008,Meghana,F,26,Warangal,abc,18-02-2026,15400
1009,Rohit,Male,28,Hyderabad,560000,2026-03-02,16700
1010,Divya,Female,23,Secunderabad,410000,03/03/2026,11900
1011,Sandeep,M,36,Warangal,920000,2026/03/11,31200
1012,Lakshmi,female,30,HYDERABAD,670000,20-03-2026,19800
1013,Akhil,Male,27,Secunderabad,510000,2026-04-01,15100
1014,Pooja,F,24,Warangal,430000,04/04/2026,12800
1015,Manoj,Male,33,Hyderabad,780000,2026/04/15,24700
1016,Swathi,Female,26,Secunderabad,495000,17-04-2026,13900
1017,Naveen,male,29,Hyderabad,600000,2026-05-05,18400
1018,Harini,Female,32,Warangal,735000,06/05/2026,22100
1019,Ramesh,M,38,Secunderabad,980000,2026/05/19,33700
1020,Keerthi,female,21,Hyderabad,350000,22-05-2026,8900
1001,Rahul,Male,24,Hyderabad,450000,2026-01-05,12500
1022,Varun,Male,30,Secunderabad,640000,2026-06-03,19300
1023,Nisha,Female,28,Warangal,580000,08/06/2026,16100
1024,Surya,M,35,Hyderabad,810000,2026/06/17,26800
1025,Aishwarya,F,25,Secunderabad,470000,20-06-2026,13200
1026,Karthik,Male,27,Warangal,530000,2026-07-04,14900
1027,Tejaswini,Female,31,HYDERABAD,690000,05/07/2026,21300
1028,Pranav,male,23,Secunderabad,390000,2026/07/16,10500
1029,Sowmya,Female,29,Warangal,625000,18-07-2026,17700
1030,Sai,Male,37,Hyderabad,890000,2026-07-28,30100
